Reporting Economy,Product/Sector,Partner Economy,Year,Value,Product/Sector-reformatted,Type,Direction
Australia,BOP6 - SA - Manufacturing services on physical inputs owned by others,World,2014,0.0,Manufacturing services on physical inputs owned by others,services,imports
Australia,BOP6 - SB - Maintenance and repair services n.i.e.,World,2014,489.0,Maintenance and repair services n.i.e.,services,imports
Australia,BOP6 - SC - Transport,World,2014,14911.0,Transport,services,imports
Australia,BOP6 - SD - Travel,World,2014,33234.0,Travel,services,imports
Australia,BOP6 - SOX1 - Other commercial services,World,2014,21367.0,Other commercial services,services,imports
Australia,BOP6 - S - Memo item: Total services,World,2014,71031.0,Memo item: Total services,services,imports
Brazil,BOP6 - SA - Manufacturing services on physical inputs owned by others,World,2014,3.0,Manufacturing services on physical inputs owned by others,services,imports
Brazil,BOP6 - SB - Maintenance and repair services n.i.e.,World,2014,196.0,Maintenance and repair services n.i.e.,services,imports
Brazil,BOP6 - SC - Transport,World,2014,14640.0,Transport,services,imports
Brazil,BOP6 - SD - Travel,World,2014,25567.0,Travel,services,imports
Brazil,BOP6 - SOX1 - Other commercial services,World,2014,45608.0,Other commercial services,services,imports
Brazil,BOP6 - S - Memo item: Total services,World,2014,88171.0,Memo item: Total services,services,imports
Canada,BOP6 - SB - Maintenance and repair services n.i.e.,World,2014,793.0,Maintenance and repair services n.i.e.,services,imports
Canada,BOP6 - SC - Transport,World,2014,22673.0,Transport,services,imports
Canada,BOP6 - SD - Travel,World,2014,37627.0,Travel,services,imports
Canada,BOP6 - SOX1 - Other commercial services,World,2014,52065.0,Other commercial services,services,imports
Canada,BOP6 - S - Memo item: Total services,World,2014,114166.0,Memo item: Total services,services,imports
China,BOP6 - SA - Manufacturing services on physical inputs owned by others,World,2014,116.0,Manufacturing services on physical inputs owned by others,services,imports
China,BOP6 - SB - Maintenance and repair services n.i.e.,World,2014,,Maintenance and repair services n.i.e.,services,imports
China,BOP6 - SC - Transport,World,2014,96158.0,Transport,services,imports
China,BOP6 - SD - Travel,World,2014,227344.0,Travel,services,imports
China,BOP6 - SOX1 - Other commercial services,World,2014,107239.0,Other commercial services,services,imports
China,BOP6 - S - Memo item: Total services,World,2014,432883.0,Memo item: Total services,services,imports
France,BOP6 - SA - Manufacturing services on physical inputs owned by others,World,2014,10065.0,Manufacturing services on physical inputs owned by others,services,imports
France,BOP6 - SB - Maintenance and repair services n.i.e.,World,2014,4543.0,Maintenance and repair services n.i.e.,services,imports
France,BOP6 - SC - Transport,World,2014,51910.0,Transport,services,imports
France,BOP6 - SD - Travel,World,2014,48757.0,Travel,services,imports
France,BOP6 - SOX1 - Other commercial services,World,2014,137190.0,Other commercial services,services,imports
France,BOP6 - S - Memo item: Total services,World,2014,252964.0,Memo item: Total services,services,imports
Germany,BOP6 - SA - Manufacturing services on physical inputs owned by others,World,2014,4967.0,Manufacturing services on physical inputs owned by others,services,imports
Germany,BOP6 - SB - Maintenance and repair services n.i.e.,World,2014,8649.0,Maintenance and repair services n.i.e.,services,imports
Germany,BOP6 - SC - Transport,World,2014,71016.0,Transport,services,imports
Germany,BOP6 - SD - Travel,World,2014,93342.0,Travel,services,imports
Germany,BOP6 - SOX1 - Other commercial services,World,2014,153390.0,Other commercial services,services,imports
Germany,BOP6 - S - Memo item: Total services,World,2014,332743.0,Memo item: Total services,services,imports
India,BOP6 - SA - Manufacturing services on physical inputs owned by others,World,2014,28.0,Manufacturing services on physical inputs owned by others,services,imports
India,BOP6 - SB - Maintenance and repair services n.i.e.,World,2014,218.0,Maintenance and repair services n.i.e.,services,imports
India,BOP6 - SC - Transport,World,2014,58899.0,Transport,services,imports
India,BOP6 - SD - Travel,World,2014,14595.0,Travel,services,imports
India,BOP6 - SOX1 - Other commercial services,World,2014,53664.0,Other commercial services,services,imports
India,BOP6 - S - Memo item: Total services,World,2014,128362.0,Memo item: Total services,services,imports
Indonesia,BOP6 - SB - Maintenance and repair services n.i.e.,World,2014,476.0,Maintenance and repair services n.i.e.,services,imports
Indonesia,BOP6 - SC - Transport,World,2014,11975.0,Transport,services,imports
Indonesia,BOP6 - SD - Travel,World,2014,7682.0,Travel,services,imports
Indonesia,BOP6 - SOX1 - Other commercial services,World,2014,12943.0,Other commercial services,services,imports
Indonesia,BOP6 - S - Memo item: Total services,World,2014,33541.0,Memo item: Total services,services,imports
Iran,BOP6 - SC - Transport,World,2014,3656.0,Transport,services,imports
Iran,BOP6 - SD - Travel,World,2014,9452.0,Travel,services,imports
Iran,BOP6 - SOX1 - Other commercial services,World,2014,3352.0,Other commercial services,services,imports
Iran,BOP6 - S - Memo item: Total services,World,2014,17450.0,Memo item: Total services,services,imports
Italy,BOP6 - SA - Manufacturing services on physical inputs owned by others,World,2014,2900.0,Manufacturing services on physical inputs owned by others,services,imports
Italy,BOP6 - SB - Maintenance and repair services n.i.e.,World,2014,648.0,Maintenance and repair services n.i.e.,services,imports
Italy,BOP6 - SC - Transport,World,2014,26698.0,Transport,services,imports
Italy,BOP6 - SD - Travel,World,2014,28845.0,Travel,services,imports
Italy,BOP6 - SOX1 - Other commercial services,World,2014,56239.0,Other commercial services,services,imports
Italy,BOP6 - S - Memo item: Total services,World,2014,117430.0,Memo item: Total services,services,imports
Japan,BOP6 - SA - Manufacturing services on physical inputs owned by others,World,2014,4955.0,Manufacturing services on physical inputs owned by others,services,imports
Japan,BOP6 - SB - Maintenance and repair services n.i.e.,World,2014,7162.0,Maintenance and repair services n.i.e.,services,imports
Japan,BOP6 - SC - Transport,World,2014,45871.0,Transport,services,imports
Japan,BOP6 - SD - Travel,World,2014,19273.0,Travel,services,imports
Japan,BOP6 - SOX1 - Other commercial services,World,2014,113206.0,Other commercial services,services,imports
Japan,BOP6 - S - Memo item: Total services,World,2014,192423.0,Memo item: Total services,services,imports
"Korea, Republic of",BOP6 - SA - Manufacturing services on physical inputs owned by others,World,2014,8692.0,Manufacturing services on physical inputs owned by others,services,imports
"Korea, Republic of",BOP6 - SB - Maintenance and repair services n.i.e.,World,2014,178.0,Maintenance and repair services n.i.e.,services,imports
"Korea, Republic of",BOP6 - SC - Transport,World,2014,31944.0,Transport,services,imports
"Korea, Republic of",BOP6 - SD - Travel,World,2014,23192.0,Travel,services,imports
"Korea, Republic of",BOP6 - SOX1 - Other commercial services,World,2014,50144.0,Other commercial services,services,imports
"Korea, Republic of",BOP6 - S - Memo item: Total services,World,2014,115192.0,Memo item: Total services,services,imports
Mexico,BOP6 - SB - Maintenance and repair services n.i.e.,World,2014,165.0,Maintenance and repair services n.i.e.,services,imports
Mexico,BOP6 - SC - Transport,World,2014,14677.0,Transport,services,imports
Mexico,BOP6 - SD - Travel,World,2014,9606.0,Travel,services,imports
Mexico,BOP6 - SOX1 - Other commercial services,World,2014,9795.0,Other commercial services,services,imports
Mexico,BOP6 - S - Memo item: Total services,World,2014,34475.0,Memo item: Total services,services,imports
Netherlands,BOP6 - SA - Manufacturing services on physical inputs owned by others,World,2014,3556.0,Manufacturing services on physical inputs owned by others,services,imports
Netherlands,BOP6 - SB - Maintenance and repair services n.i.e.,World,2014,1840.0,Maintenance and repair services n.i.e.,services,imports
Netherlands,BOP6 - SC - Transport,World,2014,23691.0,Transport,services,imports
Netherlands,BOP6 - SD - Travel,World,2014,23096.0,Travel,services,imports
Netherlands,BOP6 - SOX1 - Other commercial services,World,2014,140517.0,Other commercial services,services,imports
Netherlands,BOP6 - S - Memo item: Total services,World,2014,193020.0,Memo item: Total services,services,imports
Russian Federation,BOP6 - SA - Manufacturing services on physical inputs owned by others,World,2014,220.0,Manufacturing services on physical inputs owned by others,services,imports
Russian Federation,BOP6 - SB - Maintenance and repair services n.i.e.,World,2014,1625.0,Maintenance and repair services n.i.e.,services,imports
Russian Federation,BOP6 - SC - Transport,World,2014,15420.0,Transport,services,imports
Russian Federation,BOP6 - SD - Travel,World,2014,50428.0,Travel,services,imports
Russian Federation,BOP6 - SOX1 - Other commercial services,World,2014,51217.0,Other commercial services,services,imports
Russian Federation,BOP6 - S - Memo item: Total services,World,2014,121022.0,Memo item: Total services,services,imports
"Saudi Arabia, Kingdom of",BOP6 - SC - Transport,World,2014,19927.0,Transport,services,imports
"Saudi Arabia, Kingdom of",BOP6 - SD - Travel,World,2014,24118.0,Travel,services,imports
"Saudi Arabia, Kingdom of",BOP6 - SOX1 - Other commercial services,World,2014,18639.0,Other commercial services,services,imports
"Saudi Arabia, Kingdom of",BOP6 - S - Memo item: Total services,World,2014,100545.0,Memo item: Total services,services,imports
Spain,BOP6 - SC - Transport,World,2014,11062.0,Transport,services,imports
Spain,BOP6 - SD - Travel,World,2014,18030.0,Travel,services,imports
Spain,BOP6 - SOX1 - Other commercial services,World,2014,37415.0,Other commercial services,services,imports
Spain,BOP6 - S - Memo item: Total services,World,2014,66887.0,Memo item: Total services,services,imports
Switzerland,BOP6 - SA - Manufacturing services on physical inputs owned by others,World,2014,85.0,Manufacturing services on physical inputs owned by others,services,imports
Switzerland,BOP6 - SB - Maintenance and repair services n.i.e.,World,2014,2025.0,Maintenance and repair services n.i.e.,services,imports
Switzerland,BOP6 - SC - Transport,World,2014,14602.0,Transport,services,imports
Switzerland,BOP6 - SD - Travel,World,2014,17781.0,Travel,services,imports
Switzerland,BOP6 - SOX1 - Other commercial services,World,2014,78693.0,Other commercial services,services,imports
Switzerland,BOP6 - S - Memo item: Total services,World,2014,113388.0,Memo item: Total services,services,imports
United Kingdom,BOP6 - SA - Manufacturing services on physical inputs owned by others,World,2014,966.0,Manufacturing services on physical inputs owned by others,services,imports
United Kingdom,BOP6 - SB - Maintenance and repair services n.i.e.,World,2014,785.0,Maintenance and repair services n.i.e.,services,imports
United Kingdom,BOP6 - SC - Transport,World,2014,37063.0,Transport,services,imports
United Kingdom,BOP6 - SD - Travel,World,2014,66921.0,Travel,services,imports
United Kingdom,BOP6 - SOX1 - Other commercial services,World,2014,125757.0,Other commercial services,services,imports
United Kingdom,BOP6 - S - Memo item: Total services,World,2014,237362.0,Memo item: Total services,services,imports
United States of America,BOP6 - SB - Maintenance and repair services n.i.e.,World,2014,6732.0,Maintenance and repair services n.i.e.,services,imports
United States of America,BOP6 - SC - Transport,World,2014,99810.0,Transport,services,imports
United States of America,BOP6 - SD - Travel,World,2014,96248.0,Travel,services,imports
United States of America,BOP6 - SOX1 - Other commercial services,World,2014,264060.0,Other commercial services,services,imports
United States of America,BOP6 - S - Memo item: Total services,World,2014,491086.0,Memo item: Total services,services,imports
Australia,BOP6 - SA - Manufacturing services on physical inputs owned by others,World,2015,0.0,Manufacturing services on physical inputs owned by others,services,imports
Australia,BOP6 - SB - Maintenance and repair services n.i.e.,World,2015,359.0,Maintenance and repair services n.i.e.,services,imports
Australia,BOP6 - SC - Transport,World,2015,13361.0,Transport,services,imports
Australia,BOP6 - SD - Travel,World,2015,29222.0,Travel,services,imports
Australia,BOP6 - SOX1 - Other commercial services,World,2015,19876.0,Other commercial services,services,imports
Australia,BOP6 - S - Memo item: Total services,World,2015,63705.0,Memo item: Total services,services,imports
Brazil,BOP6 - SA - Manufacturing services on physical inputs owned by others,World,2015,5.0,Manufacturing services on physical inputs owned by others,services,imports
Brazil,BOP6 - SB - Maintenance and repair services n.i.e.,World,2015,191.0,Maintenance and repair services n.i.e.,services,imports
Brazil,BOP6 - SC - Transport,World,2015,10719.0,Transport,services,imports
Brazil,BOP6 - SD - Travel,World,2015,17357.0,Travel,services,imports
Brazil,BOP6 - SOX1 - Other commercial services,World,2015,40717.0,Other commercial services,services,imports
Brazil,BOP6 - S - Memo item: Total services,World,2015,70822.0,Memo item: Total services,services,imports
Canada,BOP6 - SB - Maintenance and repair services n.i.e.,World,2015,902.0,Maintenance and repair services n.i.e.,services,imports
Canada,BOP6 - SC - Transport,World,2015,20619.0,Transport,services,imports
Canada,BOP6 - SD - Travel,World,2015,33800.0,Travel,services,imports
Canada,BOP6 - SOX1 - Other commercial services,World,2015,48437.0,Other commercial services,services,imports
Canada,BOP6 - S - Memo item: Total services,World,2015,104753.0,Memo item: Total services,services,imports
China,BOP6 - SA - Manufacturing services on physical inputs owned by others,World,2015,161.0,Manufacturing services on physical inputs owned by others,services,imports
China,BOP6 - SB - Maintenance and repair services n.i.e.,World,2015,1319.0,Maintenance and repair services n.i.e.,services,imports
China,BOP6 - SC - Transport,World,2015,85340.0,Transport,services,imports
China,BOP6 - SD - Travel,World,2015,249831.0,Travel,services,imports
China,BOP6 - SOX1 - Other commercial services,World,2015,96325.0,Other commercial services,services,imports
China,BOP6 - S - Memo item: Total services,World,2015,435541.0,Memo item: Total services,services,imports
France,BOP6 - SA - Manufacturing services on physical inputs owned by others,World,2015,8655.0,Manufacturing services on physical inputs owned by others,services,imports
France,BOP6 - SB - Maintenance and repair services n.i.e.,World,2015,6799.0,Maintenance and repair services n.i.e.,services,imports
France,BOP6 - SC - Transport,World,2015,45025.0,Transport,services,imports
France,BOP6 - SD - Travel,World,2015,39529.0,Travel,services,imports
France,BOP6 - SOX1 - Other commercial services,World,2015,133392.0,Other commercial services,services,imports
France,BOP6 - S - Memo item: Total services,World,2015,233413.0,Memo item: Total services,services,imports
Germany,BOP6 - SA - Manufacturing services on physical inputs owned by others,World,2015,4637.0,Manufacturing services on physical inputs owned by others,services,imports
Germany,BOP6 - SB - Maintenance and repair services n.i.e.,World,2015,8429.0,Maintenance and repair services n.i.e.,services,imports
Germany,BOP6 - SC - Transport,World,2015,62330.0,Transport,services,imports
Germany,BOP6 - SD - Travel,World,2015,77512.0,Travel,services,imports
Germany,BOP6 - SOX1 - Other commercial services,World,2015,147554.0,Other commercial services,services,imports
Germany,BOP6 - S - Memo item: Total services,World,2015,302006.0,Memo item: Total services,services,imports
India,BOP6 - SA - Manufacturing services on physical inputs owned by others,World,2015,27.0,Manufacturing services on physical inputs owned by others,services,imports
India,BOP6 - SB - Maintenance and repair services n.i.e.,World,2015,309.0,Maintenance and repair services n.i.e.,services,imports
India,BOP6 - SC - Transport,World,2015,52257.0,Transport,services,imports
India,BOP6 - SD - Travel,World,2015,14838.0,Travel,services,imports
India,BOP6 - SOX1 - Other commercial services,World,2015,55260.0,Other commercial services,services,imports
India,BOP6 - S - Memo item: Total services,World,2015,123567.0,Memo item: Total services,services,imports
Indonesia,BOP6 - SB - Maintenance and repair services n.i.e.,World,2015,624.0,Maintenance and repair services n.i.e.,services,imports
Indonesia,BOP6 - SC - Transport,World,2015,9602.0,Transport,services,imports
Indonesia,BOP6 - SD - Travel,World,2015,7292.0,Travel,services,imports
Indonesia,BOP6 - SOX1 - Other commercial services,World,2015,13237.0,Other commercial services,services,imports
Indonesia,BOP6 - S - Memo item: Total services,World,2015,30918.0,Memo item: Total services,services,imports
Iran,BOP6 - SC - Transport,World,2015,3781.0,Transport,services,imports
Iran,BOP6 - SD - Travel,World,2015,8992.0,Travel,services,imports
Iran,BOP6 - SOX1 - Other commercial services,World,2015,2365.0,Other commercial services,services,imports
Iran,BOP6 - S - Memo item: Total services,World,2015,15870.0,Memo item: Total services,services,imports
Italy,BOP6 - SA - Manufacturing services on physical inputs owned by others,World,2015,2372.0,Manufacturing services on physical inputs owned by others,services,imports
Italy,BOP6 - SB - Maintenance and repair services n.i.e.,World,2015,841.0,Maintenance and repair services n.i.e.,services,imports
Italy,BOP6 - SC - Transport,World,2015,23460.0,Transport,services,imports
Italy,BOP6 - SD - Travel,World,2015,24423.0,Travel,services,imports
Italy,BOP6 - SOX1 - Other commercial services,World,2015,50441.0,Other commercial services,services,imports
Italy,BOP6 - S - Memo item: Total services,World,2015,103075.0,Memo item: Total services,services,imports
Japan,BOP6 - SA - Manufacturing services on physical inputs owned by others,World,2015,4494.0,Manufacturing services on physical inputs owned by others,services,imports
Japan,BOP6 - SB - Maintenance and repair services n.i.e.,World,2015,3453.0,Maintenance and repair services n.i.e.,services,imports
Japan,BOP6 - SC - Transport,World,2015,41036.0,Transport,services,imports
Japan,BOP6 - SD - Travel,World,2015,15976.0,Travel,services,imports
Japan,BOP6 - SOX1 - Other commercial services,World,2015,111668.0,Other commercial services,services,imports
Japan,BOP6 - S - Memo item: Total services,World,2015,178587.0,Memo item: Total services,services,imports
"Korea, Republic of",BOP6 - SA - Manufacturing services on physical inputs owned by others,World,2015,8683.0,Manufacturing services on physical inputs owned by others,services,imports
"Korea, Republic of",BOP6 - SB - Maintenance and repair services n.i.e.,World,2015,352.0,Maintenance and repair services n.i.e.,services,imports
"Korea, Republic of",BOP6 - SC - Transport,World,2015,29493.0,Transport,services,imports
"Korea, Republic of",BOP6 - SD - Travel,World,2015,25270.0,Travel,services,imports
"Korea, Republic of",BOP6 - SOX1 - Other commercial services,World,2015,46988.0,Other commercial services,services,imports
"Korea, Republic of",BOP6 - S - Memo item: Total services,World,2015,112124.0,Memo item: Total services,services,imports
Mexico,BOP6 - SB - Maintenance and repair services n.i.e.,World,2015,207.0,Maintenance and repair services n.i.e.,services,imports
Mexico,BOP6 - SC - Transport,World,2015,12814.0,Transport,services,imports
Mexico,BOP6 - SD - Travel,World,2015,10098.0,Travel,services,imports
Mexico,BOP6 - SOX1 - Other commercial services,World,2015,9318.0,Other commercial services,services,imports
Mexico,BOP6 - S - Memo item: Total services,World,2015,32680.0,Memo item: Total services,services,imports
Netherlands,BOP6 - SA - Manufacturing services on physical inputs owned by others,World,2015,3580.0,Manufacturing services on physical inputs owned by others,services,imports
Netherlands,BOP6 - SB - Maintenance and repair services n.i.e.,World,2015,1632.0,Maintenance and repair services n.i.e.,services,imports
Netherlands,BOP6 - SC - Transport,World,2015,20957.0,Transport,services,imports
Netherlands,BOP6 - SD - Travel,World,2015,19818.0,Travel,services,imports
Netherlands,BOP6 - SOX1 - Other commercial services,World,2015,167174.0,Other commercial services,services,imports
Netherlands,BOP6 - S - Memo item: Total services,World,2015,213441.0,Memo item: Total services,services,imports
Russian Federation,BOP6 - SA - Manufacturing services on physical inputs owned by others,World,2015,138.0,Manufacturing services on physical inputs owned by others,services,imports
Russian Federation,BOP6 - SB - Maintenance and repair services n.i.e.,World,2015,1355.0,Maintenance and repair services n.i.e.,services,imports
Russian Federation,BOP6 - SC - Transport,World,2015,12074.0,Transport,services,imports
Russian Federation,BOP6 - SD - Travel,World,2015,34932.0,Travel,services,imports
Russian Federation,BOP6 - SOX1 - Other commercial services,World,2015,38736.0,Other commercial services,services,imports
Russian Federation,BOP6 - S - Memo item: Total services,World,2015,88768.0,Memo item: Total services,services,imports
"Saudi Arabia, Kingdom of",BOP6 - SC - Transport,World,2015,20097.0,Transport,services,imports
"Saudi Arabia, Kingdom of",BOP6 - SD - Travel,World,2015,19346.0,Travel,services,imports
"Saudi Arabia, Kingdom of",BOP6 - SOX1 - Other commercial services,World,2015,16248.0,Other commercial services,services,imports
"Saudi Arabia, Kingdom of",BOP6 - S - Memo item: Total services,World,2015,88036.0,Memo item: Total services,services,imports
Spain,BOP6 - SC - Transport,World,2015,10144.0,Transport,services,imports
Spain,BOP6 - SD - Travel,World,2015,17446.0,Travel,services,imports
Spain,BOP6 - SOX1 - Other commercial services,World,2015,34294.0,Other commercial services,services,imports
Spain,BOP6 - S - Memo item: Total services,World,2015,62218.0,Memo item: Total services,services,imports
Switzerland,BOP6 - SA - Manufacturing services on physical inputs owned by others,World,2015,32.0,Manufacturing services on physical inputs owned by others,services,imports
Switzerland,BOP6 - SB - Maintenance and repair services n.i.e.,World,2015,2406.0,Maintenance and repair services n.i.e.,services,imports
Switzerland,BOP6 - SC - Transport,World,2015,10889.0,Transport,services,imports
Switzerland,BOP6 - SD - Travel,World,2015,17207.0,Travel,services,imports
Switzerland,BOP6 - SOX1 - Other commercial services,World,2015,77429.0,Other commercial services,services,imports
Switzerland,BOP6 - S - Memo item: Total services,World,2015,108163.0,Memo item: Total services,services,imports
United Kingdom,BOP6 - SA - Manufacturing services on physical inputs owned by others,World,2015,975.0,Manufacturing services on physical inputs owned by others,services,imports
United Kingdom,BOP6 - SB - Maintenance and repair services n.i.e.,World,2015,1213.0,Maintenance and repair services n.i.e.,services,imports
United Kingdom,BOP6 - SC - Transport,World,2015,34934.0,Transport,services,imports
United Kingdom,BOP6 - SD - Travel,World,2015,68211.0,Travel,services,imports
United Kingdom,BOP6 - SOX1 - Other commercial services,World,2015,125171.0,Other commercial services,services,imports
United Kingdom,BOP6 - S - Memo item: Total services,World,2015,235013.0,Memo item: Total services,services,imports
United States of America,BOP6 - SB - Maintenance and repair services n.i.e.,World,2015,8084.0,Maintenance and repair services n.i.e.,services,imports
United States of America,BOP6 - SC - Transport,World,2015,99557.0,Transport,services,imports
United States of America,BOP6 - SD - Travel,World,2015,102664.0,Travel,services,imports
United States of America,BOP6 - SOX1 - Other commercial services,World,2015,266377.0,Other commercial services,services,imports
United States of America,BOP6 - S - Memo item: Total services,World,2015,498213.0,Memo item: Total services,services,imports
Australia,BOP6 - SA - Manufacturing services on physical inputs owned by others,World,2016,0.0,Manufacturing services on physical inputs owned by others,services,imports
Australia,BOP6 - SB - Maintenance and repair services n.i.e.,World,2016,517.0,Maintenance and repair services n.i.e.,services,imports
Australia,BOP6 - SC - Transport,World,2016,12225.0,Transport,services,imports
Australia,BOP6 - SD - Travel,World,2016,30803.0,Travel,services,imports
Australia,BOP6 - SOX1 - Other commercial services,World,2016,17906.0,Other commercial services,services,imports
Australia,BOP6 - S - Memo item: Total services,World,2016,62415.0,Memo item: Total services,services,imports
Brazil,BOP6 - SA - Manufacturing services on physical inputs owned by others,World,2016,4.0,Manufacturing services on physical inputs owned by others,services,imports
Brazil,BOP6 - SB - Maintenance and repair services n.i.e.,World,2016,178.0,Maintenance and repair services n.i.e.,services,imports
Brazil,BOP6 - SC - Transport,World,2016,8895.0,Transport,services,imports
Brazil,BOP6 - SD - Travel,World,2016,14497.0,Travel,services,imports
Brazil,BOP6 - SOX1 - Other commercial services,World,2016,37983.0,Other commercial services,services,imports
Brazil,BOP6 - S - Memo item: Total services,World,2016,63854.0,Memo item: Total services,services,imports
Canada,BOP6 - SB - Maintenance and repair services n.i.e.,World,2016,856.0,Maintenance and repair services n.i.e.,services,imports
Canada,BOP6 - SC - Transport,World,2016,20382.0,Transport,services,imports
Canada,BOP6 - SD - Travel,World,2016,32709.0,Travel,services,imports
Canada,BOP6 - SOX1 - Other commercial services,World,2016,49571.0,Other commercial services,services,imports
Canada,BOP6 - S - Memo item: Total services,World,2016,104494.0,Memo item: Total services,services,imports
China,BOP6 - SA - Manufacturing services on physical inputs owned by others,World,2016,158.0,Manufacturing services on physical inputs owned by others,services,imports
China,BOP6 - SB - Maintenance and repair services n.i.e.,World,2016,2019.0,Maintenance and repair services n.i.e.,services,imports
China,BOP6 - SC - Transport,World,2016,80580.0,Transport,services,imports
China,BOP6 - SD - Travel,World,2016,261129.0,Travel,services,imports
China,BOP6 - SOX1 - Other commercial services,World,2016,105336.0,Other commercial services,services,imports
China,BOP6 - S - Memo item: Total services,World,2016,452097.0,Memo item: Total services,services,imports
France,BOP6 - SA - Manufacturing services on physical inputs owned by others,World,2016,7846.0,Manufacturing services on physical inputs owned by others,services,imports
France,BOP6 - SB - Maintenance and repair services n.i.e.,World,2016,7373.0,Maintenance and repair services n.i.e.,services,imports
France,BOP6 - SC - Transport,World,2016,45679.0,Transport,services,imports
France,BOP6 - SD - Travel,World,2016,40375.0,Travel,services,imports
France,BOP6 - SOX1 - Other commercial services,World,2016,135508.0,Other commercial services,services,imports
France,BOP6 - S - Memo item: Total services,World,2016,236793.0,Memo item: Total services,services,imports
Germany,BOP6 - SA - Manufacturing services on physical inputs owned by others,World,2016,5287.0,Manufacturing services on physical inputs owned by others,services,imports
Germany,BOP6 - SB - Maintenance and repair services n.i.e.,World,2016,9553.0,Maintenance and repair services n.i.e.,services,imports
Germany,BOP6 - SC - Transport,World,2016,61824.0,Transport,services,imports
Germany,BOP6 - SD - Travel,World,2016,79790.0,Travel,services,imports
Germany,BOP6 - SOX1 - Other commercial services,World,2016,158820.0,Other commercial services,services,imports
Germany,BOP6 - S - Memo item: Total services,World,2016,316676.0,Memo item: Total services,services,imports
India,BOP6 - SA - Manufacturing services on physical inputs owned by others,World,2016,53.0,Manufacturing services on physical inputs owned by others,services,imports
India,BOP6 - SB - Maintenance and repair services n.i.e.,World,2016,321.0,Maintenance and repair services n.i.e.,services,imports
India,BOP6 - SC - Transport,World,2016,47952.0,Transport,services,imports
India,BOP6 - SD - Travel,World,2016,16377.0,Travel,services,imports
India,BOP6 - SOX1 - Other commercial services,World,2016,68146.0,Other commercial services,services,imports
India,BOP6 - S - Memo item: Total services,World,2016,133532.0,Memo item: Total services,services,imports
Indonesia,BOP6 - SB - Maintenance and repair services n.i.e.,World,2016,764.0,Maintenance and repair services n.i.e.,services,imports
Indonesia,BOP6 - SC - Transport,World,2016,9116.0,Transport,services,imports
Indonesia,BOP6 - SD - Travel,World,2016,7566.0,Travel,services,imports
Indonesia,BOP6 - SOX1 - Other commercial services,World,2016,12913.0,Other commercial services,services,imports
Indonesia,BOP6 - S - Memo item: Total services,World,2016,30407.0,Memo item: Total services,services,imports
Iran,BOP6 - SC - Transport,World,2016,2939.0,Transport,services,imports
Iran,BOP6 - SD - Travel,World,2016,10233.0,Travel,services,imports
Iran,BOP6 - SOX1 - Other commercial services,World,2016,2610.0,Other commercial services,services,imports
Iran,BOP6 - S - Memo item: Total services,World,2016,16583.0,Memo item: Total services,services,imports
Italy,BOP6 - SA - Manufacturing services on physical inputs owned by others,World,2016,2387.0,Manufacturing services on physical inputs owned by others,services,imports
Italy,BOP6 - SB - Maintenance and repair services n.i.e.,World,2016,792.0,Maintenance and repair services n.i.e.,services,imports
Italy,BOP6 - SC - Transport,World,2016,23235.0,Transport,services,imports
Italy,BOP6 - SD - Travel,World,2016,24956.0,Travel,services,imports
Italy,BOP6 - SOX1 - Other commercial services,World,2016,52111.0,Other commercial services,services,imports
Italy,BOP6 - S - Memo item: Total services,World,2016,105440.0,Memo item: Total services,services,imports
Japan,BOP6 - SA - Manufacturing services on physical inputs owned by others,World,2016,5164.0,Manufacturing services on physical inputs owned by others,services,imports
Japan,BOP6 - SB - Maintenance and repair services n.i.e.,World,2016,4444.0,Maintenance and repair services n.i.e.,services,imports
Japan,BOP6 - SC - Transport,World,2016,38088.0,Transport,services,imports
Japan,BOP6 - SD - Travel,World,2016,18485.0,Travel,services,imports
Japan,BOP6 - SOX1 - Other commercial services,World,2016,117972.0,Other commercial services,services,imports
Japan,BOP6 - S - Memo item: Total services,World,2016,186183.0,Memo item: Total services,services,imports
"Korea, Republic of",BOP6 - SA - Manufacturing services on physical inputs owned by others,World,2016,8189.0,Manufacturing services on physical inputs owned by others,services,imports
"Korea, Republic of",BOP6 - SB - Maintenance and repair services n.i.e.,World,2016,331.0,Maintenance and repair services n.i.e.,services,imports
"Korea, Republic of",BOP6 - SC - Transport,World,2016,28756.0,Transport,services,imports
"Korea, Republic of",BOP6 - SD - Travel,World,2016,27243.0,Travel,services,imports
"Korea, Republic of",BOP6 - SOX1 - Other commercial services,World,2016,46243.0,Other commercial services,services,imports
"Korea, Republic of",BOP6 - S - Memo item: Total services,World,2016,112148.0,Memo item: Total services,services,imports
Mexico,BOP6 - SB - Maintenance and repair services n.i.e.,World,2016,196.0,Maintenance and repair services n.i.e.,services,imports
Mexico,BOP6 - SC - Transport,World,2016,13204.0,Transport,services,imports
Mexico,BOP6 - SD - Travel,World,2016,10303.0,Travel,services,imports
Mexico,BOP6 - SOX1 - Other commercial services,World,2016,9239.0,Other commercial services,services,imports
Mexico,BOP6 - S - Memo item: Total services,World,2016,33179.0,Memo item: Total services,services,imports
Netherlands,BOP6 - SA - Manufacturing services on physical inputs owned by others,World,2016,4014.0,Manufacturing services on physical inputs owned by others,services,imports
Netherlands,BOP6 - SB - Maintenance and repair services n.i.e.,World,2016,1863.0,Maintenance and repair services n.i.e.,services,imports
Netherlands,BOP6 - SC - Transport,World,2016,21359.0,Transport,services,imports
Netherlands,BOP6 - SD - Travel,World,2016,19907.0,Travel,services,imports
Netherlands,BOP6 - SOX1 - Other commercial services,World,2016,136131.0,Other commercial services,services,imports
Netherlands,BOP6 - S - Memo item: Total services,World,2016,183555.0,Memo item: Total services,services,imports
Russian Federation,BOP6 - SA - Manufacturing services on physical inputs owned by others,World,2016,137.0,Manufacturing services on physical inputs owned by others,services,imports
Russian Federation,BOP6 - SB - Maintenance and repair services n.i.e.,World,2016,1559.0,Maintenance and repair services n.i.e.,services,imports
Russian Federation,BOP6 - SC - Transport,World,2016,11838.0,Transport,services,imports
Russian Federation,BOP6 - SD - Travel,World,2016,23952.0,Travel,services,imports
Russian Federation,BOP6 - SOX1 - Other commercial services,World,2016,35609.0,Other commercial services,services,imports
Russian Federation,BOP6 - S - Memo item: Total services,World,2016,74602.0,Memo item: Total services,services,imports
"Saudi Arabia, Kingdom of",BOP6 - SC - Transport,World,2016,16353.0,Transport,services,imports
"Saudi Arabia, Kingdom of",BOP6 - SD - Travel,World,2016,16658.0,Travel,services,imports
"Saudi Arabia, Kingdom of",BOP6 - SOX1 - Other commercial services,World,2016,17063.0,Other commercial services,services,imports
"Saudi Arabia, Kingdom of",BOP6 - S - Memo item: Total services,World,2016,70267.0,Memo item: Total services,services,imports
Spain,BOP6 - SC - Transport,World,2016,9820.0,Transport,services,imports
Spain,BOP6 - SD - Travel,World,2016,18815.0,Travel,services,imports
Spain,BOP6 - SOX1 - Other commercial services,World,2016,36534.0,Other commercial services,services,imports
Spain,BOP6 - S - Memo item: Total services,World,2016,65554.0,Memo item: Total services,services,imports
Switzerland,BOP6 - SA - Manufacturing services on physical inputs owned by others,World,2016,54.0,Manufacturing services on physical inputs owned by others,services,imports
Switzerland,BOP6 - SB - Maintenance and repair services n.i.e.,World,2016,2165.0,Maintenance and repair services n.i.e.,services,imports
Switzerland,BOP6 - SC - Transport,World,2016,10480.0,Transport,services,imports
Switzerland,BOP6 - SD - Travel,World,2016,17619.0,Travel,services,imports
Switzerland,BOP6 - SOX1 - Other commercial services,World,2016,80998.0,Other commercial services,services,imports
Switzerland,BOP6 - S - Memo item: Total services,World,2016,111537.0,Memo item: Total services,services,imports
United Kingdom,BOP6 - SA - Manufacturing services on physical inputs owned by others,World,2016,826.0,Manufacturing services on physical inputs owned by others,services,imports
United Kingdom,BOP6 - SB - Maintenance and repair services n.i.e.,World,2016,879.0,Maintenance and repair services n.i.e.,services,imports
United Kingdom,BOP6 - SC - Transport,World,2016,31955.0,Transport,services,imports
United Kingdom,BOP6 - SD - Travel,World,2016,67132.0,Travel,services,imports
United Kingdom,BOP6 - SOX1 - Other commercial services,World,2016,123086.0,Other commercial services,services,imports
United Kingdom,BOP6 - S - Memo item: Total services,World,2016,228148.0,Memo item: Total services,services,imports
United States of America,BOP6 - SB - Maintenance and repair services n.i.e.,World,2016,7595.0,Maintenance and repair services n.i.e.,services,imports
United States of America,BOP6 - SC - Transport,World,2016,92391.0,Transport,services,imports
United States of America,BOP6 - SD - Travel,World,2016,109155.0,Travel,services,imports
United States of America,BOP6 - SOX1 - Other commercial services,World,2016,281973.0,Other commercial services,services,imports
United States of America,BOP6 - S - Memo item: Total services,World,2016,512617.0,Memo item: Total services,services,imports
Australia,BOP6 - SA - Manufacturing services on physical inputs owned by others,World,2017,0.0,Manufacturing services on physical inputs owned by others,services,imports
Australia,BOP6 - SB - Maintenance and repair services n.i.e.,World,2017,549.0,Maintenance and repair services n.i.e.,services,imports
Australia,BOP6 - SC - Transport,World,2017,12624.0,Transport,services,imports
Australia,BOP6 - SD - Travel,World,2017,34409.0,Travel,services,imports
Australia,BOP6 - SOX1 - Other commercial services,World,2017,19731.0,Other commercial services,services,imports
Australia,BOP6 - S - Memo item: Total services,World,2017,68394.0,Memo item: Total services,services,imports
Brazil,BOP6 - SA - Manufacturing services on physical inputs owned by others,World,2017,2.0,Manufacturing services on physical inputs owned by others,services,imports
Brazil,BOP6 - SB - Maintenance and repair services n.i.e.,World,2017,206.0,Maintenance and repair services n.i.e.,services,imports
Brazil,BOP6 - SC - Transport,World,2017,11142.0,Transport,services,imports
Brazil,BOP6 - SD - Travel,World,2017,19002.0,Travel,services,imports
Brazil,BOP6 - SOX1 - Other commercial services,World,2017,40395.0,Other commercial services,services,imports
Brazil,BOP6 - S - Memo item: Total services,World,2017,72782.0,Memo item: Total services,services,imports
Canada,BOP6 - SB - Maintenance and repair services n.i.e.,World,2017,726.0,Maintenance and repair services n.i.e.,services,imports
Canada,BOP6 - SC - Transport,World,2017,22312.0,Transport,services,imports
Canada,BOP6 - SD - Travel,World,2017,34678.0,Travel,services,imports
Canada,BOP6 - SOX1 - Other commercial services,World,2017,53197.0,Other commercial services,services,imports
Canada,BOP6 - S - Memo item: Total services,World,2017,111892.0,Memo item: Total services,services,imports
China,BOP6 - SA - Manufacturing services on physical inputs owned by others,World,2017,178.0,Manufacturing services on physical inputs owned by others,services,imports
China,BOP6 - SB - Maintenance and repair services n.i.e.,World,2017,2270.0,Maintenance and repair services n.i.e.,services,imports
China,BOP6 - SC - Transport,World,2017,92945.0,Transport,services,imports
China,BOP6 - SD - Travel,World,2017,254789.0,Travel,services,imports
China,BOP6 - SOX1 - Other commercial services,World,2017,113952.0,Other commercial services,services,imports
China,BOP6 - S - Memo item: Total services,World,2017,467589.0,Memo item: Total services,services,imports
France,BOP6 - SA - Manufacturing services on physical inputs owned by others,World,2017,9000.0,Manufacturing services on physical inputs owned by others,services,imports
France,BOP6 - SB - Maintenance and repair services n.i.e.,World,2017,8410.0,Maintenance and repair services n.i.e.,services,imports
France,BOP6 - SC - Transport,World,2017,49298.0,Transport,services,imports
France,BOP6 - SD - Travel,World,2017,44000.0,Travel,services,imports
France,BOP6 - SOX1 - Other commercial services,World,2017,136076.0,Other commercial services,services,imports
France,BOP6 - S - Memo item: Total services,World,2017,246817.0,Memo item: Total services,services,imports
Germany,BOP6 - SA - Manufacturing services on physical inputs owned by others,World,2017,5971.0,Manufacturing services on physical inputs owned by others,services,imports
Germany,BOP6 - SB - Maintenance and repair services n.i.e.,World,2017,10657.0,Maintenance and repair services n.i.e.,services,imports
Germany,BOP6 - SC - Transport,World,2017,65849.0,Transport,services,imports
Germany,BOP6 - SD - Travel,World,2017,89063.0,Travel,services,imports
Germany,BOP6 - SOX1 - Other commercial services,World,2017,173160.0,Other commercial services,services,imports
Germany,BOP6 - S - Memo item: Total services,World,2017,346429.0,Memo item: Total services,services,imports
India,BOP6 - SA - Manufacturing services on physical inputs owned by others,World,2017,42.0,Manufacturing services on physical inputs owned by others,services,imports
India,BOP6 - SB - Maintenance and repair services n.i.e.,World,2017,508.0,Maintenance and repair services n.i.e.,services,imports
India,BOP6 - SC - Transport,World,2017,57062.0,Transport,services,imports
India,BOP6 - SD - Travel,World,2017,18443.0,Travel,services,imports
India,BOP6 - SOX1 - Other commercial services,World,2017,77906.0,Other commercial services,services,imports
India,BOP6 - S - Memo item: Total services,World,2017,154595.0,Memo item: Total services,services,imports
Indonesia,BOP6 - SB - Maintenance and repair services n.i.e.,World,2017,348.0,Maintenance and repair services n.i.e.,services,imports
Indonesia,BOP6 - SC - Transport,World,2017,10336.0,Transport,services,imports
Indonesia,BOP6 - SD - Travel,World,2017,8289.0,Travel,services,imports
Indonesia,BOP6 - SOX1 - Other commercial services,World,2017,13619.0,Other commercial services,services,imports
Indonesia,BOP6 - S - Memo item: Total services,World,2017,32707.0,Memo item: Total services,services,imports
Iran,BOP6 - SC - Transport,World,2017,3357.0,Transport,services,imports
Iran,BOP6 - SD - Travel,World,2017,11507.0,Travel,services,imports
Iran,BOP6 - SOX1 - Other commercial services,World,2017,2475.0,Other commercial services,services,imports
Iran,BOP6 - S - Memo item: Total services,World,2017,18432.0,Memo item: Total services,services,imports
Italy,BOP6 - SA - Manufacturing services on physical inputs owned by others,World,2017,2765.0,Manufacturing services on physical inputs owned by others,services,imports
Italy,BOP6 - SB - Maintenance and repair services n.i.e.,World,2017,1043.0,Maintenance and repair services n.i.e.,services,imports
Italy,BOP6 - SC - Transport,World,2017,25616.0,Transport,services,imports
Italy,BOP6 - SD - Travel,World,2017,27742.0,Travel,services,imports
Italy,BOP6 - SOX1 - Other commercial services,World,2017,57872.0,Other commercial services,services,imports
Italy,BOP6 - S - Memo item: Total services,World,2017,117140.0,Memo item: Total services,services,imports
Japan,BOP6 - SA - Manufacturing services on physical inputs owned by others,World,2017,5493.0,Manufacturing services on physical inputs owned by others,services,imports
Japan,BOP6 - SB - Maintenance and repair services n.i.e.,World,2017,4934.0,Maintenance and repair services n.i.e.,services,imports
Japan,BOP6 - SC - Transport,World,2017,40057.0,Transport,services,imports
Japan,BOP6 - SD - Travel,World,2017,18189.0,Travel,services,imports
Japan,BOP6 - SOX1 - Other commercial services,World,2017,122345.0,Other commercial services,services,imports
Japan,BOP6 - S - Memo item: Total services,World,2017,193037.0,Memo item: Total services,services,imports
"Korea, Republic of",BOP6 - SA - Manufacturing services on physical inputs owned by others,World,2017,9182.0,Manufacturing services on physical inputs owned by others,services,imports
"Korea, Republic of",BOP6 - SB - Maintenance and repair services n.i.e.,World,2017,466.0,Maintenance and repair services n.i.e.,services,imports
"Korea, Republic of",BOP6 - SC - Transport,World,2017,30203.0,Transport,services,imports
"Korea, Republic of",BOP6 - SD - Travel,World,2017,31691.0,Travel,services,imports
"Korea, Republic of",BOP6 - SOX1 - Other commercial services,World,2017,53212.0,Other commercial services,services,imports
"Korea, Republic of",BOP6 - S - Memo item: Total services,World,2017,126435.0,Memo item: Total services,services,imports
Mexico,BOP6 - SB - Maintenance and repair services n.i.e.,World,2017,265.0,Maintenance and repair services n.i.e.,services,imports
Mexico,BOP6 - SC - Transport,World,2017,14835.0,Transport,services,imports
Mexico,BOP6 - SD - Travel,World,2017,10840.0,Travel,services,imports
Mexico,BOP6 - SOX1 - Other commercial services,World,2017,11325.0,Other commercial services,services,imports
Mexico,BOP6 - S - Memo item: Total services,World,2017,37511.0,Memo item: Total services,services,imports
Netherlands,BOP6 - SA - Manufacturing services on physical inputs owned by others,World,2017,5714.0,Manufacturing services on physical inputs owned by others,services,imports
Netherlands,BOP6 - SB - Maintenance and repair services n.i.e.,World,2017,2104.0,Maintenance and repair services n.i.e.,services,imports
Netherlands,BOP6 - SC - Transport,World,2017,28093.0,Transport,services,imports
Netherlands,BOP6 - SD - Travel,World,2017,21977.0,Travel,services,imports
Netherlands,BOP6 - SOX1 - Other commercial services,World,2017,158425.0,Other commercial services,services,imports
Netherlands,BOP6 - S - Memo item: Total services,World,2017,216515.0,Memo item: Total services,services,imports
Russian Federation,BOP6 - SA - Manufacturing services on physical inputs owned by others,World,2017,157.0,Manufacturing services on physical inputs owned by others,services,imports
Russian Federation,BOP6 - SB - Maintenance and repair services n.i.e.,World,2017,1780.0,Maintenance and repair services n.i.e.,services,imports
Russian Federation,BOP6 - SC - Transport,World,2017,14492.0,Transport,services,imports
Russian Federation,BOP6 - SD - Travel,World,2017,31058.0,Travel,services,imports
Russian Federation,BOP6 - SOX1 - Other commercial services,World,2017,39953.0,Other commercial services,services,imports
Russian Federation,BOP6 - S - Memo item: Total services,World,2017,88864.0,Memo item: Total services,services,imports
"Saudi Arabia, Kingdom of",BOP6 - SC - Transport,World,2017,15799.0,Transport,services,imports
"Saudi Arabia, Kingdom of",BOP6 - SD - Travel,World,2017,17552.0,Travel,services,imports
"Saudi Arabia, Kingdom of",BOP6 - SOX1 - Other commercial services,World,2017,20953.0,Other commercial services,services,imports
"Saudi Arabia, Kingdom of",BOP6 - S - Memo item: Total services,World,2017,78575.0,Memo item: Total services,services,imports
Spain,BOP6 - SC - Transport,World,2017,11283.0,Transport,services,imports
Spain,BOP6 - SD - Travel,World,2017,22154.0,Travel,services,imports
Spain,BOP6 - SOX1 - Other commercial services,World,2017,37636.0,Other commercial services,services,imports
Spain,BOP6 - S - Memo item: Total services,World,2017,71425.0,Memo item: Total services,services,imports
Switzerland,BOP6 - SA - Manufacturing services on physical inputs owned by others,World,2017,77.0,Manufacturing services on physical inputs owned by others,services,imports
Switzerland,BOP6 - SB - Maintenance and repair services n.i.e.,World,2017,2608.0,Maintenance and repair services n.i.e.,services,imports
Switzerland,BOP6 - SC - Transport,World,2017,11663.0,Transport,services,imports
Switzerland,BOP6 - SD - Travel,World,2017,19099.0,Travel,services,imports
Switzerland,BOP6 - SOX1 - Other commercial services,World,2017,85135.0,Other commercial services,services,imports
Switzerland,BOP6 - S - Memo item: Total services,World,2017,118820.0,Memo item: Total services,services,imports
United Kingdom,BOP6 - SA - Manufacturing services on physical inputs owned by others,World,2017,1220.0,Manufacturing services on physical inputs owned by others,services,imports
United Kingdom,BOP6 - SB - Maintenance and repair services n.i.e.,World,2017,923.0,Maintenance and repair services n.i.e.,services,imports
United Kingdom,BOP6 - SC - Transport,World,2017,31500.0,Transport,services,imports
United Kingdom,BOP6 - SD - Travel,World,2017,66446.0,Travel,services,imports
United Kingdom,BOP6 - SOX1 - Other commercial services,World,2017,127976.0,Other commercial services,services,imports
United Kingdom,BOP6 - S - Memo item: Total services,World,2017,233165.0,Memo item: Total services,services,imports
United States of America,BOP6 - SB - Maintenance and repair services n.i.e.,World,2017,6796.0,Maintenance and repair services n.i.e.,services,imports
United States of America,BOP6 - SC - Transport,World,2017,96515.0,Transport,services,imports
United States of America,BOP6 - SD - Travel,World,2017,117931.0,Travel,services,imports
United States of America,BOP6 - SOX1 - Other commercial services,World,2017,303883.0,Other commercial services,services,imports
United States of America,BOP6 - S - Memo item: Total services,World,2017,547172.0,Memo item: Total services,services,imports
Australia,BOP6 - SA - Manufacturing services on physical inputs owned by others,World,2018,0.0,Manufacturing services on physical inputs owned by others,services,imports
Australia,BOP6 - SB - Maintenance and repair services n.i.e.,World,2018,673.0,Maintenance and repair services n.i.e.,services,imports
Australia,BOP6 - SC - Transport,World,2018,13802.0,Transport,services,imports
Australia,BOP6 - SD - Travel,World,2018,36995.0,Travel,services,imports
Australia,BOP6 - SOX1 - Other commercial services,World,2018,20716.0,Other commercial services,services,imports
Australia,BOP6 - S - Memo item: Total services,World,2018,73380.0,Memo item: Total services,services,imports
Brazil,BOP6 - SA - Manufacturing services on physical inputs owned by others,World,2018,2.0,Manufacturing services on physical inputs owned by others,services,imports
Brazil,BOP6 - SB - Maintenance and repair services n.i.e.,World,2018,252.0,Maintenance and repair services n.i.e.,services,imports
Brazil,BOP6 - SC - Transport,World,2018,12235.0,Transport,services,imports
Brazil,BOP6 - SD - Travel,World,2018,18266.0,Travel,services,imports
Brazil,BOP6 - SOX1 - Other commercial services,World,2018,38376.0,Other commercial services,services,imports
Brazil,BOP6 - S - Memo item: Total services,World,2018,71374.0,Memo item: Total services,services,imports
Canada,BOP6 - SB - Maintenance and repair services n.i.e.,World,2018,761.0,Maintenance and repair services n.i.e.,services,imports
Canada,BOP6 - SC - Transport,World,2018,24566.0,Transport,services,imports
Canada,BOP6 - SD - Travel,World,2018,34527.0,Travel,services,imports
Canada,BOP6 - SOX1 - Other commercial services,World,2018,59751.0,Other commercial services,services,imports
Canada,BOP6 - S - Memo item: Total services,World,2018,120798.0,Memo item: Total services,services,imports
China,BOP6 - SA - Manufacturing services on physical inputs owned by others,World,2018,264.0,Manufacturing services on physical inputs owned by others,services,imports
China,BOP6 - SB - Maintenance and repair services n.i.e.,World,2018,2537.0,Maintenance and repair services n.i.e.,services,imports
China,BOP6 - SC - Transport,World,2018,108315.0,Transport,services,imports
China,BOP6 - SD - Travel,World,2018,276900.0,Travel,services,imports
China,BOP6 - SOX1 - Other commercial services,World,2018,132667.0,Other commercial services,services,imports
China,BOP6 - S - Memo item: Total services,World,2018,525154.0,Memo item: Total services,services,imports
France,BOP6 - SA - Manufacturing services on physical inputs owned by others,World,2018,10203.0,Manufacturing services on physical inputs owned by others,services,imports
France,BOP6 - SB - Maintenance and repair services n.i.e.,World,2018,9423.0,Maintenance and repair services n.i.e.,services,imports
France,BOP6 - SC - Transport,World,2018,54505.0,Transport,services,imports
France,BOP6 - SD - Travel,World,2018,48888.0,Travel,services,imports
France,BOP6 - SOX1 - Other commercial services,World,2018,150574.0,Other commercial services,services,imports
France,BOP6 - S - Memo item: Total services,World,2018,273599.0,Memo item: Total services,services,imports
Germany,BOP6 - SA - Manufacturing services on physical inputs owned by others,World,2018,6657.0,Manufacturing services on physical inputs owned by others,services,imports
Germany,BOP6 - SB - Maintenance and repair services n.i.e.,World,2018,11608.0,Maintenance and repair services n.i.e.,services,imports
Germany,BOP6 - SC - Transport,World,2018,71810.0,Transport,services,imports
Germany,BOP6 - SD - Travel,World,2018,95579.0,Travel,services,imports
Germany,BOP6 - SOX1 - Other commercial services,World,2018,185553.0,Other commercial services,services,imports
Germany,BOP6 - S - Memo item: Total services,World,2018,373008.0,Memo item: Total services,services,imports
India,BOP6 - SA - Manufacturing services on physical inputs owned by others,World,2018,43.0,Manufacturing services on physical inputs owned by others,services,imports
India,BOP6 - SB - Maintenance and repair services n.i.e.,World,2018,998.0,Maintenance and repair services n.i.e.,services,imports
India,BOP6 - SC - Transport,World,2018,66725.0,Transport,services,imports
India,BOP6 - SD - Travel,World,2018,21319.0,Travel,services,imports
India,BOP6 - SOX1 - Other commercial services,World,2018,85839.0,Other commercial services,services,imports
India,BOP6 - S - Memo item: Total services,World,2018,176059.0,Memo item: Total services,services,imports
Indonesia,BOP6 - SB - Maintenance and repair services n.i.e.,World,2018,442.0,Maintenance and repair services n.i.e.,services,imports
Indonesia,BOP6 - SC - Transport,World,2018,12430.0,Transport,services,imports
Indonesia,BOP6 - SD - Travel,World,2018,10314.0,Travel,services,imports
Indonesia,BOP6 - SOX1 - Other commercial services,World,2018,14458.0,Other commercial services,services,imports
Indonesia,BOP6 - S - Memo item: Total services,World,2018,37692.0,Memo item: Total services,services,imports
Iran,BOP6 - SC - Transport,World,2018,2483.0,Transport,services,imports
Iran,BOP6 - SD - Travel,World,2018,8695.0,Travel,services,imports
Iran,BOP6 - SOX1 - Other commercial services,World,2018,5349.0,Other commercial services,services,imports
Iran,BOP6 - S - Memo item: Total services,World,2018,17254.0,Memo item: Total services,services,imports
Italy,BOP6 - SA - Manufacturing services on physical inputs owned by others,World,2018,3659.0,Manufacturing services on physical inputs owned by others,services,imports
Italy,BOP6 - SB - Maintenance and repair services n.i.e.,World,2018,1242.0,Maintenance and repair services n.i.e.,services,imports
Italy,BOP6 - SC - Transport,World,2018,26982.0,Transport,services,imports
Italy,BOP6 - SD - Travel,World,2018,30097.0,Travel,services,imports
Italy,BOP6 - SOX1 - Other commercial services,World,2018,62629.0,Other commercial services,services,imports
Italy,BOP6 - S - Memo item: Total services,World,2018,126699.0,Memo item: Total services,services,imports
Japan,BOP6 - SA - Manufacturing services on physical inputs owned by others,World,2018,5132.0,Manufacturing services on physical inputs owned by others,services,imports
Japan,BOP6 - SB - Maintenance and repair services n.i.e.,World,2018,5496.0,Maintenance and repair services n.i.e.,services,imports
Japan,BOP6 - SC - Transport,World,2018,38682.0,Transport,services,imports
Japan,BOP6 - SD - Travel,World,2018,20217.0,Travel,services,imports
Japan,BOP6 - SOX1 - Other commercial services,World,2018,131850.0,Other commercial services,services,imports
Japan,BOP6 - S - Memo item: Total services,World,2018,203379.0,Memo item: Total services,services,imports
"Korea, Republic of",BOP6 - SA - Manufacturing services on physical inputs owned by others,World,2018,9849.0,Manufacturing services on physical inputs owned by others,services,imports
"Korea, Republic of",BOP6 - SB - Maintenance and repair services n.i.e.,World,2018,516.0,Maintenance and repair services n.i.e.,services,imports
"Korea, Republic of",BOP6 - SC - Transport,World,2018,32087.0,Transport,services,imports
"Korea, Republic of",BOP6 - SD - Travel,World,2018,31973.0,Travel,services,imports
"Korea, Republic of",BOP6 - SOX1 - Other commercial services,World,2018,52875.0,Other commercial services,services,imports
"Korea, Republic of",BOP6 - S - Memo item: Total services,World,2018,128794.0,Memo item: Total services,services,imports
Mexico,BOP6 - SB - Maintenance and repair services n.i.e.,World,2018,290.0,Maintenance and repair services n.i.e.,services,imports
Mexico,BOP6 - SC - Transport,World,2018,15410.0,Transport,services,imports
Mexico,BOP6 - SD - Travel,World,2018,11230.0,Travel,services,imports
Mexico,BOP6 - SOX1 - Other commercial services,World,2018,10506.0,Other commercial services,services,imports
Mexico,BOP6 - S - Memo item: Total services,World,2018,37691.0,Memo item: Total services,services,imports
Netherlands,BOP6 - SA - Manufacturing services on physical inputs owned by others,World,2018,7310.0,Manufacturing services on physical inputs owned by others,services,imports
Netherlands,BOP6 - SB - Maintenance and repair services n.i.e.,World,2018,2422.0,Maintenance and repair services n.i.e.,services,imports
Netherlands,BOP6 - SC - Transport,World,2018,38980.0,Transport,services,imports
Netherlands,BOP6 - SD - Travel,World,2018,22777.0,Travel,services,imports
Netherlands,BOP6 - SOX1 - Other commercial services,World,2018,187690.0,Other commercial services,services,imports
Netherlands,BOP6 - S - Memo item: Total services,World,2018,259493.0,Memo item: Total services,services,imports
Russian Federation,BOP6 - SA - Manufacturing services on physical inputs owned by others,World,2018,146.0,Manufacturing services on physical inputs owned by others,services,imports
Russian Federation,BOP6 - SB - Maintenance and repair services n.i.e.,World,2018,2008.0,Maintenance and repair services n.i.e.,services,imports
Russian Federation,BOP6 - SC - Transport,World,2018,15298.0,Transport,services,imports
Russian Federation,BOP6 - SD - Travel,World,2018,34271.0,Travel,services,imports
Russian Federation,BOP6 - SOX1 - Other commercial services,World,2018,41689.0,Other commercial services,services,imports
Russian Federation,BOP6 - S - Memo item: Total services,World,2018,94728.0,Memo item: Total services,services,imports
"Saudi Arabia, Kingdom of",BOP6 - SC - Transport,World,2018,15714.0,Transport,services,imports
"Saudi Arabia, Kingdom of",BOP6 - SD - Travel,World,2018,16651.0,Travel,services,imports
"Saudi Arabia, Kingdom of",BOP6 - SOX1 - Other commercial services,World,2018,22718.0,Other commercial services,services,imports
"Saudi Arabia, Kingdom of",BOP6 - S - Memo item: Total services,World,2018,83952.0,Memo item: Total services,services,imports
Spain,BOP6 - SC - Transport,World,2018,12482.0,Transport,services,imports
Spain,BOP6 - SD - Travel,World,2018,26447.0,Travel,services,imports
Spain,BOP6 - SOX1 - Other commercial services,World,2018,42897.0,Other commercial services,services,imports
Spain,BOP6 - S - Memo item: Total services,World,2018,82186.0,Memo item: Total services,services,imports
Switzerland,BOP6 - SA - Manufacturing services on physical inputs owned by others,World,2018,46.0,Manufacturing services on physical inputs owned by others,services,imports
Switzerland,BOP6 - SB - Maintenance and repair services n.i.e.,World,2018,2780.0,Maintenance and repair services n.i.e.,services,imports
Switzerland,BOP6 - SC - Transport,World,2018,13681.0,Transport,services,imports
Switzerland,BOP6 - SD - Travel,World,2018,19054.0,Travel,services,imports
Switzerland,BOP6 - SOX1 - Other commercial services,World,2018,86549.0,Other commercial services,services,imports
Switzerland,BOP6 - S - Memo item: Total services,World,2018,122354.0,Memo item: Total services,services,imports
United Kingdom,BOP6 - SA - Manufacturing services on physical inputs owned by others,World,2018,1754.0,Manufacturing services on physical inputs owned by others,services,imports
United Kingdom,BOP6 - SB - Maintenance and repair services n.i.e.,World,2018,1115.0,Maintenance and repair services n.i.e.,services,imports
United Kingdom,BOP6 - SC - Transport,World,2018,35862.0,Transport,services,imports
United Kingdom,BOP6 - SD - Travel,World,2018,70879.0,Travel,services,imports
United Kingdom,BOP6 - SOX1 - Other commercial services,World,2018,151156.0,Other commercial services,services,imports
United Kingdom,BOP6 - S - Memo item: Total services,World,2018,265650.0,Memo item: Total services,services,imports
United States of America,BOP6 - SB - Maintenance and repair services n.i.e.,World,2018,7354.0,Maintenance and repair services n.i.e.,services,imports
United States of America,BOP6 - SC - Transport,World,2018,110441.0,Transport,services,imports
United States of America,BOP6 - SD - Travel,World,2018,126139.0,Travel,services,imports
United States of America,BOP6 - SOX1 - Other commercial services,World,2018,297017.0,Other commercial services,services,imports
United States of America,BOP6 - S - Memo item: Total services,World,2018,563926.0,Memo item: Total services,services,imports
Australia,BOP6 - SA - Manufacturing services on physical inputs owned by others,World,2019,0.0,Manufacturing services on physical inputs owned by others,services,imports
Australia,BOP6 - SB - Maintenance and repair services n.i.e.,World,2019,813.0,Maintenance and repair services n.i.e.,services,imports
Australia,BOP6 - SC - Transport,World,2019,13039.0,Transport,services,imports
Australia,BOP6 - SD - Travel,World,2019,36074.0,Travel,services,imports
Australia,BOP6 - SOX1 - Other commercial services,World,2019,20800.0,Other commercial services,services,imports
Australia,BOP6 - S - Memo item: Total services,World,2019,71975.0,Memo item: Total services,services,imports
Brazil,BOP6 - SA - Manufacturing services on physical inputs owned by others,World,2019,2.0,Manufacturing services on physical inputs owned by others,services,imports
Brazil,BOP6 - SB - Maintenance and repair services n.i.e.,World,2019,339.0,Maintenance and repair services n.i.e.,services,imports
Brazil,BOP6 - SC - Transport,World,2019,11862.0,Transport,services,imports
Brazil,BOP6 - SD - Travel,World,2019,17593.0,Travel,services,imports
Brazil,BOP6 - SOX1 - Other commercial services,World,2019,37952.0,Other commercial services,services,imports
Brazil,BOP6 - S - Memo item: Total services,World,2019,69765.0,Memo item: Total services,services,imports
Canada,BOP6 - SB - Maintenance and repair services n.i.e.,World,2019,830.0,Maintenance and repair services n.i.e.,services,imports
Canada,BOP6 - SC - Transport,World,2019,24429.0,Transport,services,imports
Canada,BOP6 - SD - Travel,World,2019,35782.0,Travel,services,imports
Canada,BOP6 - SOX1 - Other commercial services,World,2019,59002.0,Other commercial services,services,imports
Canada,BOP6 - S - Memo item: Total services,World,2019,121222.0,Memo item: Total services,services,imports
China,BOP6 - SA - Manufacturing services on physical inputs owned by others,World,2019,312.0,Manufacturing services on physical inputs owned by others,services,imports
China,BOP6 - SB - Maintenance and repair services n.i.e.,World,2019,3653.0,Maintenance and repair services n.i.e.,services,imports
China,BOP6 - SC - Transport,World,2019,104723.0,Transport,services,imports
China,BOP6 - SD - Travel,World,2019,250740.0,Travel,services,imports
China,BOP6 - SOX1 - Other commercial services,World,2019,137539.0,Other commercial services,services,imports
China,BOP6 - S - Memo item: Total services,World,2019,500680.0,Memo item: Total services,services,imports
France,BOP6 - SA - Manufacturing services on physical inputs owned by others,World,2019,10594.0,Manufacturing services on physical inputs owned by others,services,imports
France,BOP6 - SB - Maintenance and repair services n.i.e.,World,2019,9596.0,Maintenance and repair services n.i.e.,services,imports
France,BOP6 - SC - Transport,World,2019,52412.0,Transport,services,imports
France,BOP6 - SD - Travel,World,2019,51657.0,Travel,services,imports
France,BOP6 - SOX1 - Other commercial services,World,2019,145682.0,Other commercial services,services,imports
France,BOP6 - S - Memo item: Total services,World,2019,269951.0,Memo item: Total services,services,imports
Germany,BOP6 - SA - Manufacturing services on physical inputs owned by others,World,2019,6029.0,Manufacturing services on physical inputs owned by others,services,imports
Germany,BOP6 - SB - Maintenance and repair services n.i.e.,World,2019,12520.0,Maintenance and repair services n.i.e.,services,imports
Germany,BOP6 - SC - Transport,World,2019,68969.0,Transport,services,imports
Germany,BOP6 - SD - Travel,World,2019,93243.0,Travel,services,imports
Germany,BOP6 - SOX1 - Other commercial services,World,2019,188607.0,Other commercial services,services,imports
Germany,BOP6 - S - Memo item: Total services,World,2019,370956.0,Memo item: Total services,services,imports
India,BOP6 - SA - Manufacturing services on physical inputs owned by others,World,2019,72.0,Manufacturing services on physical inputs owned by others,services,imports
India,BOP6 - SB - Maintenance and repair services n.i.e.,World,2019,1231.0,Maintenance and repair services n.i.e.,services,imports
India,BOP6 - SC - Transport,World,2019,67965.0,Transport,services,imports
India,BOP6 - SD - Travel,World,2019,22915.0,Travel,services,imports
India,BOP6 - SOX1 - Other commercial services,World,2019,86140.0,Other commercial services,services,imports
India,BOP6 - S - Memo item: Total services,World,2019,179430.0,Memo item: Total services,services,imports
Indonesia,BOP6 - SB - Maintenance and repair services n.i.e.,World,2019,537.0,Maintenance and repair services n.i.e.,services,imports
Indonesia,BOP6 - SC - Transport,World,2019,11640.0,Transport,services,imports
Indonesia,BOP6 - SD - Travel,World,2019,11308.0,Travel,services,imports
Indonesia,BOP6 - SOX1 - Other commercial services,World,2019,15718.0,Other commercial services,services,imports
Indonesia,BOP6 - S - Memo item: Total services,World,2019,39282.0,Memo item: Total services,services,imports
Iran,BOP6 - SC - Transport,World,2019,,Transport,services,imports
Iran,BOP6 - SD - Travel,World,2019,,Travel,services,imports
Iran,BOP6 - SOX1 - Other commercial services,World,2019,,Other commercial services,services,imports
Iran,BOP6 - S - Memo item: Total services,World,2019,14685.0,Memo item: Total services,services,imports
Italy,BOP6 - SA - Manufacturing services on physical inputs owned by others,World,2019,3558.0,Manufacturing services on physical inputs owned by others,services,imports
Italy,BOP6 - SB - Maintenance and repair services n.i.e.,World,2019,1368.0,Maintenance and repair services n.i.e.,services,imports
Italy,BOP6 - SC - Transport,World,2019,26023.0,Transport,services,imports
Italy,BOP6 - SD - Travel,World,2019,30338.0,Travel,services,imports
Italy,BOP6 - SOX1 - Other commercial services,World,2019,60318.0,Other commercial services,services,imports
Italy,BOP6 - S - Memo item: Total services,World,2019,123133.0,Memo item: Total services,services,imports
Japan,BOP6 - SA - Manufacturing services on physical inputs owned by others,World,2019,4205.0,Manufacturing services on physical inputs owned by others,services,imports
Japan,BOP6 - SB - Maintenance and repair services n.i.e.,World,2019,6344.0,Maintenance and repair services n.i.e.,services,imports
Japan,BOP6 - SC - Transport,World,2019,34263.0,Transport,services,imports
Japan,BOP6 - SD - Travel,World,2019,21265.0,Travel,services,imports
Japan,BOP6 - SOX1 - Other commercial services,World,2019,138308.0,Other commercial services,services,imports
Japan,BOP6 - S - Memo item: Total services,World,2019,206276.0,Memo item: Total services,services,imports
"Korea, Republic of",BOP6 - SA - Manufacturing services on physical inputs owned by others,World,2019,9520.0,Manufacturing services on physical inputs owned by others,services,imports
"Korea, Republic of",BOP6 - SB - Maintenance and repair services n.i.e.,World,2019,602.0,Maintenance and repair services n.i.e.,services,imports
"Korea, Republic of",BOP6 - SC - Transport,World,2019,30312.0,Transport,services,imports
"Korea, Republic of",BOP6 - SD - Travel,World,2019,29795.0,Travel,services,imports
"Korea, Republic of",BOP6 - SOX1 - Other commercial services,World,2019,54806.0,Other commercial services,services,imports
"Korea, Republic of",BOP6 - S - Memo item: Total services,World,2019,126767.0,Memo item: Total services,services,imports
Mexico,BOP6 - SB - Maintenance and repair services n.i.e.,World,2019,349.0,Maintenance and repair services n.i.e.,services,imports
Mexico,BOP6 - SC - Transport,World,2019,14772.0,Transport,services,imports
Mexico,BOP6 - SD - Travel,World,2019,9881.0,Travel,services,imports
Mexico,BOP6 - SOX1 - Other commercial services,World,2019,12017.0,Other commercial services,services,imports
Mexico,BOP6 - S - Memo item: Total services,World,2019,37284.0,Memo item: Total services,services,imports
Netherlands,BOP6 - SA - Manufacturing services on physical inputs owned by others,World,2019,7202.0,Manufacturing services on physical inputs owned by others,services,imports
Netherlands,BOP6 - SB - Maintenance and repair services n.i.e.,World,2019,2483.0,Maintenance and repair services n.i.e.,services,imports
Netherlands,BOP6 - SC - Transport,World,2019,38020.0,Transport,services,imports
Netherlands,BOP6 - SD - Travel,World,2019,22380.0,Travel,services,imports
Netherlands,BOP6 - SOX1 - Other commercial services,World,2019,195178.0,Other commercial services,services,imports
Netherlands,BOP6 - S - Memo item: Total services,World,2019,265502.0,Memo item: Total services,services,imports
Russian Federation,BOP6 - SA - Manufacturing services on physical inputs owned by others,World,2019,163.0,Manufacturing services on physical inputs owned by others,services,imports
Russian Federation,BOP6 - SB - Maintenance and repair services n.i.e.,World,2019,1949.0,Maintenance and repair services n.i.e.,services,imports
Russian Federation,BOP6 - SC - Transport,World,2019,15442.0,Transport,services,imports
Russian Federation,BOP6 - SD - Travel,World,2019,36152.0,Travel,services,imports
Russian Federation,BOP6 - SOX1 - Other commercial services,World,2019,43962.0,Other commercial services,services,imports
Russian Federation,BOP6 - S - Memo item: Total services,World,2019,99000.0,Memo item: Total services,services,imports
"Saudi Arabia, Kingdom of",BOP6 - SC - Transport,World,2019,17675.0,Transport,services,imports
"Saudi Arabia, Kingdom of",BOP6 - SD - Travel,World,2019,15140.0,Travel,services,imports
"Saudi Arabia, Kingdom of",BOP6 - SOX1 - Other commercial services,World,2019,22404.0,Other commercial services,services,imports
"Saudi Arabia, Kingdom of",BOP6 - S - Memo item: Total services,World,2019,78660.0,Memo item: Total services,services,imports
Spain,BOP6 - SC - Transport,World,2019,12390.0,Transport,services,imports
Spain,BOP6 - SD - Travel,World,2019,27911.0,Travel,services,imports
Spain,BOP6 - SOX1 - Other commercial services,World,2019,45023.0,Other commercial services,services,imports
Spain,BOP6 - S - Memo item: Total services,World,2019,85678.0,Memo item: Total services,services,imports
Switzerland,BOP6 - SA - Manufacturing services on physical inputs owned by others,World,2019,65.0,Manufacturing services on physical inputs owned by others,services,imports
Switzerland,BOP6 - SB - Maintenance and repair services n.i.e.,World,2019,2880.0,Maintenance and repair services n.i.e.,services,imports
Switzerland,BOP6 - SC - Transport,World,2019,13556.0,Transport,services,imports
Switzerland,BOP6 - SD - Travel,World,2019,18754.0,Travel,services,imports
Switzerland,BOP6 - SOX1 - Other commercial services,World,2019,86985.0,Other commercial services,services,imports
Switzerland,BOP6 - S - Memo item: Total services,World,2019,122465.0,Memo item: Total services,services,imports
United Kingdom,BOP6 - SA - Manufacturing services on physical inputs owned by others,World,2019,1663.0,Manufacturing services on physical inputs owned by others,services,imports
United Kingdom,BOP6 - SB - Maintenance and repair services n.i.e.,World,2019,1724.0,Maintenance and repair services n.i.e.,services,imports
United Kingdom,BOP6 - SC - Transport,World,2019,36544.0,Transport,services,imports
United Kingdom,BOP6 - SD - Travel,World,2019,71880.0,Travel,services,imports
United Kingdom,BOP6 - SOX1 - Other commercial services,World,2019,160906.0,Other commercial services,services,imports
United Kingdom,BOP6 - S - Memo item: Total services,World,2019,277360.0,Memo item: Total services,services,imports
United States of America,BOP6 - SB - Maintenance and repair services n.i.e.,World,2019,8866.0,Maintenance and repair services n.i.e.,services,imports
United States of America,BOP6 - SC - Transport,World,2019,112798.0,Transport,services,imports
United States of America,BOP6 - SD - Travel,World,2019,133285.0,Travel,services,imports
United States of America,BOP6 - SOX1 - Other commercial services,World,2019,312172.0,Other commercial services,services,imports
United States of America,BOP6 - S - Memo item: Total services,World,2019,591121.0,Memo item: Total services,services,imports
Australia,BOP6 - SA - Manufacturing services on physical inputs owned by others,World,2020,,Manufacturing services on physical inputs owned by others,services,imports
Australia,BOP6 - SB - Maintenance and repair services n.i.e.,World,2020,385.0,Maintenance and repair services n.i.e.,services,imports
Australia,BOP6 - SC - Transport,World,2020,9038.0,Transport,services,imports
Australia,BOP6 - SD - Travel,World,2020,6505.0,Travel,services,imports
Australia,BOP6 - SOX1 - Other commercial services,World,2020,21297.0,Other commercial services,services,imports
Australia,BOP6 - S - Memo item: Total services,World,2020,38479.0,Memo item: Total services,services,imports
Brazil,BOP6 - SA - Manufacturing services on physical inputs owned by others,World,2020,1.0,Manufacturing services on physical inputs owned by others,services,imports
Brazil,BOP6 - SB - Maintenance and repair services n.i.e.,World,2020,196.0,Maintenance and repair services n.i.e.,services,imports
Brazil,BOP6 - SC - Transport,World,2020,8306.0,Transport,services,imports
Brazil,BOP6 - SD - Travel,World,2020,5394.0,Travel,services,imports
Brazil,BOP6 - SOX1 - Other commercial services,World,2020,33460.0,Other commercial services,services,imports
Brazil,BOP6 - S - Memo item: Total services,World,2020,49104.0,Memo item: Total services,services,imports
Canada,BOP6 - SB - Maintenance and repair services n.i.e.,World,2020,479.0,Maintenance and repair services n.i.e.,services,imports
Canada,BOP6 - SC - Transport,World,2020,17438.0,Transport,services,imports
Canada,BOP6 - SD - Travel,World,2020,12080.0,Travel,services,imports
Canada,BOP6 - SOX1 - Other commercial services,World,2020,60178.0,Other commercial services,services,imports
Canada,BOP6 - S - Memo item: Total services,World,2020,91250.0,Memo item: Total services,services,imports
China,BOP6 - SA - Manufacturing services on physical inputs owned by others,World,2020,501.0,Manufacturing services on physical inputs owned by others,services,imports
China,BOP6 - SB - Maintenance and repair services n.i.e.,World,2020,3358.0,Maintenance and repair services n.i.e.,services,imports
China,BOP6 - SC - Transport,World,2020,94680.0,Transport,services,imports
China,BOP6 - SD - Travel,World,2020,131228.0,Travel,services,imports
China,BOP6 - SOX1 - Other commercial services,World,2020,147761.0,Other commercial services,services,imports
China,BOP6 - S - Memo item: Total services,World,2020,381088.0,Memo item: Total services,services,imports
France,BOP6 - SA - Manufacturing services on physical inputs owned by others,World,2020,9622.0,Manufacturing services on physical inputs owned by others,services,imports
France,BOP6 - SB - Maintenance and repair services n.i.e.,World,2020,8377.0,Maintenance and repair services n.i.e.,services,imports
France,BOP6 - SC - Transport,World,2020,45946.0,Transport,services,imports
France,BOP6 - SD - Travel,World,2020,27953.0,Travel,services,imports
France,BOP6 - SOX1 - Other commercial services,World,2020,139689.0,Other commercial services,services,imports
France,BOP6 - S - Memo item: Total services,World,2020,231664.0,Memo item: Total services,services,imports
Germany,BOP6 - SA - Manufacturing services on physical inputs owned by others,World,2020,5782.0,Manufacturing services on physical inputs owned by others,services,imports
Germany,BOP6 - SB - Maintenance and repair services n.i.e.,World,2020,11634.0,Maintenance and repair services n.i.e.,services,imports
Germany,BOP6 - SC - Transport,World,2020,61287.0,Transport,services,imports
Germany,BOP6 - SD - Travel,World,2020,40969.0,Travel,services,imports
Germany,BOP6 - SOX1 - Other commercial services,World,2020,187457.0,Other commercial services,services,imports
Germany,BOP6 - S - Memo item: Total services,World,2020,308800.0,Memo item: Total services,services,imports
India,BOP6 - SA - Manufacturing services on physical inputs owned by others,World,2020,30.0,Manufacturing services on physical inputs owned by others,services,imports
India,BOP6 - SB - Maintenance and repair services n.i.e.,World,2020,933.0,Maintenance and repair services n.i.e.,services,imports
India,BOP6 - SC - Transport,World,2020,53809.0,Transport,services,imports
India,BOP6 - SD - Travel,World,2020,12571.0,Travel,services,imports
India,BOP6 - SOX1 - Other commercial services,World,2020,85518.0,Other commercial services,services,imports
India,BOP6 - S - Memo item: Total services,World,2020,153925.0,Memo item: Total services,services,imports
Indonesia,BOP6 - SB - Maintenance and repair services n.i.e.,World,2020,311.0,Maintenance and repair services n.i.e.,services,imports
Indonesia,BOP6 - SC - Transport,World,2020,7319.0,Transport,services,imports
Indonesia,BOP6 - SD - Travel,World,2020,1653.0,Travel,services,imports
Indonesia,BOP6 - SOX1 - Other commercial services,World,2020,15169.0,Other commercial services,services,imports
Indonesia,BOP6 - S - Memo item: Total services,World,2020,24502.0,Memo item: Total services,services,imports
Iran,BOP6 - SC - Transport,World,2020,,Transport,services,imports
Iran,BOP6 - SD - Travel,World,2020,,Travel,services,imports
Iran,BOP6 - SOX1 - Other commercial services,World,2020,,Other commercial services,services,imports
Iran,BOP6 - S - Memo item: Total services,World,2020,7138.0,Memo item: Total services,services,imports
Italy,BOP6 - SA - Manufacturing services on physical inputs owned by others,World,2020,3124.0,Manufacturing services on physical inputs owned by others,services,imports
Italy,BOP6 - SB - Maintenance and repair services n.i.e.,World,2020,1001.0,Maintenance and repair services n.i.e.,services,imports
Italy,BOP6 - SC - Transport,World,2020,17790.0,Transport,services,imports
Italy,BOP6 - SD - Travel,World,2020,10924.0,Travel,services,imports
Italy,BOP6 - SOX1 - Other commercial services,World,2020,58780.0,Other commercial services,services,imports
Italy,BOP6 - S - Memo item: Total services,World,2020,93031.0,Memo item: Total services,services,imports
Japan,BOP6 - SA - Manufacturing services on physical inputs owned by others,World,2020,5135.0,Manufacturing services on physical inputs owned by others,services,imports
Japan,BOP6 - SB - Maintenance and repair services n.i.e.,World,2020,5211.0,Maintenance and repair services n.i.e.,services,imports
Japan,BOP6 - SC - Transport,World,2020,28031.0,Transport,services,imports
Japan,BOP6 - SD - Travel,World,2020,5445.0,Travel,services,imports
Japan,BOP6 - SOX1 - Other commercial services,World,2020,138890.0,Other commercial services,services,imports
Japan,BOP6 - S - Memo item: Total services,World,2020,184531.0,Memo item: Total services,services,imports
"Korea, Republic of",BOP6 - SA - Manufacturing services on physical inputs owned by others,World,2020,7777.0,Manufacturing services on physical inputs owned by others,services,imports
"Korea, Republic of",BOP6 - SB - Maintenance and repair services n.i.e.,World,2020,804.0,Maintenance and repair services n.i.e.,services,imports
"Korea, Republic of",BOP6 - SC - Transport,World,2020,24215.0,Transport,services,imports
"Korea, Republic of",BOP6 - SD - Travel,World,2020,14704.0,Travel,services,imports
"Korea, Republic of",BOP6 - SOX1 - Other commercial services,World,2020,54086.0,Other commercial services,services,imports
"Korea, Republic of",BOP6 - S - Memo item: Total services,World,2020,102936.0,Memo item: Total services,services,imports
Mexico,BOP6 - SB - Maintenance and repair services n.i.e.,World,2020,204.0,Maintenance and repair services n.i.e.,services,imports
Mexico,BOP6 - SC - Transport,World,2020,10724.0,Transport,services,imports
Mexico,BOP6 - SD - Travel,World,2020,3581.0,Travel,services,imports
Mexico,BOP6 - SOX1 - Other commercial services,World,2020,10534.0,Other commercial services,services,imports
Mexico,BOP6 - S - Memo item: Total services,World,2020,25288.0,Memo item: Total services,services,imports
Netherlands,BOP6 - SA - Manufacturing services on physical inputs owned by others,World,2020,4098.0,Manufacturing services on physical inputs owned by others,services,imports
Netherlands,BOP6 - SB - Maintenance and repair services n.i.e.,World,2020,2308.0,Maintenance and repair services n.i.e.,services,imports
Netherlands,BOP6 - SC - Transport,World,2020,27809.0,Transport,services,imports
Netherlands,BOP6 - SD - Travel,World,2020,7095.0,Travel,services,imports
Netherlands,BOP6 - SOX1 - Other commercial services,World,2020,127719.0,Other commercial services,services,imports
Netherlands,BOP6 - S - Memo item: Total services,World,2020,169252.0,Memo item: Total services,services,imports
Russian Federation,BOP6 - SA - Manufacturing services on physical inputs owned by others,World,2020,177.0,Manufacturing services on physical inputs owned by others,services,imports
Russian Federation,BOP6 - SB - Maintenance and repair services n.i.e.,World,2020,1735.0,Maintenance and repair services n.i.e.,services,imports
Russian Federation,BOP6 - SC - Transport,World,2020,11478.0,Transport,services,imports
Russian Federation,BOP6 - SD - Travel,World,2020,9140.0,Travel,services,imports
Russian Federation,BOP6 - SOX1 - Other commercial services,World,2020,40904.0,Other commercial services,services,imports
Russian Federation,BOP6 - S - Memo item: Total services,World,2020,64634.0,Memo item: Total services,services,imports
"Saudi Arabia, Kingdom of",BOP6 - SC - Transport,World,2020,14874.0,Transport,services,imports
"Saudi Arabia, Kingdom of",BOP6 - SD - Travel,World,2020,8533.0,Travel,services,imports
"Saudi Arabia, Kingdom of",BOP6 - SOX1 - Other commercial services,World,2020,14794.0,Other commercial services,services,imports
"Saudi Arabia, Kingdom of",BOP6 - S - Memo item: Total services,World,2020,53883.0,Memo item: Total services,services,imports
Spain,BOP6 - SC - Transport,World,2020,10161.0,Transport,services,imports
Spain,BOP6 - SD - Travel,World,2020,8771.0,Travel,services,imports
Spain,BOP6 - SOX1 - Other commercial services,World,2020,41320.0,Other commercial services,services,imports
Spain,BOP6 - S - Memo item: Total services,World,2020,60502.0,Memo item: Total services,services,imports
Switzerland,BOP6 - SA - Manufacturing services on physical inputs owned by others,World,2020,98.0,Manufacturing services on physical inputs owned by others,services,imports
Switzerland,BOP6 - SB - Maintenance and repair services n.i.e.,World,2020,2743.0,Maintenance and repair services n.i.e.,services,imports
Switzerland,BOP6 - SC - Transport,World,2020,11806.0,Transport,services,imports
Switzerland,BOP6 - SD - Travel,World,2020,9546.0,Travel,services,imports
Switzerland,BOP6 - SOX1 - Other commercial services,World,2020,89598.0,Other commercial services,services,imports
Switzerland,BOP6 - S - Memo item: Total services,World,2020,114029.0,Memo item: Total services,services,imports
United Kingdom,BOP6 - SA - Manufacturing services on physical inputs owned by others,World,2020,1545.0,Manufacturing services on physical inputs owned by others,services,imports
United Kingdom,BOP6 - SB - Maintenance and repair services n.i.e.,World,2020,1295.0,Maintenance and repair services n.i.e.,services,imports
United Kingdom,BOP6 - SC - Transport,World,2020,21535.0,Transport,services,imports
United Kingdom,BOP6 - SD - Travel,World,2020,21651.0,Travel,services,imports
United Kingdom,BOP6 - SOX1 - Other commercial services,World,2020,155137.0,Other commercial services,services,imports
United Kingdom,BOP6 - S - Memo item: Total services,World,2020,204748.0,Memo item: Total services,services,imports
United States of America,BOP6 - SB - Maintenance and repair services n.i.e.,World,2020,6090.0,Maintenance and repair services n.i.e.,services,imports
United States of America,BOP6 - SC - Transport,World,2020,72411.0,Transport,services,imports
United States of America,BOP6 - SD - Travel,World,2020,35808.0,Travel,services,imports
United States of America,BOP6 - SOX1 - Other commercial services,World,2020,321439.0,Other commercial services,services,imports
United States of America,BOP6 - S - Memo item: Total services,World,2020,460301.0,Memo item: Total services,services,imports
